Handle,Title,Body (HTML),Vendor,Product Category,Type,Tags,Published,Option1 Name,Option1 Value,Option2 Name,Option2 Value,Variant SKU,Variant Inventory Tracker,Variant Inventory Policy,Variant Fulfillment Service,Variant Price,Variant Compare At Price,Variant Requires Shipping,Variant Taxable,Variant Weight Unit,Status
minimalist-cross-tee,The Cross — Minimalist Tee,"<p>A single, understated cross — left-chest, tone-on-tone. Our flagship “quiet faith” piece on premium 4.2oz Airlume combed and ring-spun cotton. Made to order, designed to be worn every day. Galatians 2:20.</p>",MWFaith,Apparel & Accessories > Clothing > Shirts & Tops,T-Shirt,"Minimalist Faith, Christian, faith apparel, Bella+Canvas 3001, new",TRUE,Color,Black,Size,S,MINIMALISTCROSST-BLA-S,shopify,deny,manual,42.00,,TRUE,TRUE,lb,active
minimalist-cross-tee,,,,,,,,Color,Black,Size,M,MINIMALISTCROSST-BLA-M,shopify,deny,manual,42.00,,TRUE,TRUE,lb,active
minimalist-cross-tee,,,,,,,,Color,Black,Size,L,MINIMALISTCROSST-BLA-L,shopify,deny,manual,42.00,,TRUE,TRUE,lb,active
minimalist-cross-tee,,,,,,,,Color,Black,Size,XL,MINIMALISTCROSST-BLA-XL,shopify,deny,manual,42.00,,TRUE,TRUE,lb,active
minimalist-cross-tee,,,,,,,,Color,Black,Size,2XL,MINIMALISTCROSST-BLA-2XL,shopify,deny,manual,42.00,,TRUE,TRUE,lb,active
minimalist-cross-tee,,,,,,,,Color,Vintage White,Size,S,MINIMALISTCROSST-VIN-S,shopify,deny,manual,42.00,,TRUE,TRUE,lb,active
minimalist-cross-tee,,,,,,,,Color,Vintage White,Size,M,MINIMALISTCROSST-VIN-M,shopify,deny,manual,42.00,,TRUE,TRUE,lb,active
minimalist-cross-tee,,,,,,,,Color,Vintage White,Size,L,MINIMALISTCROSST-VIN-L,shopify,deny,manual,42.00,,TRUE,TRUE,lb,active
minimalist-cross-tee,,,,,,,,Color,Vintage White,Size,XL,MINIMALISTCROSST-VIN-XL,shopify,deny,manual,42.00,,TRUE,TRUE,lb,active
minimalist-cross-tee,,,,,,,,Color,Vintage White,Size,2XL,MINIMALISTCROSST-VIN-2XL,shopify,deny,manual,42.00,,TRUE,TRUE,lb,active
minimalist-cross-tee,,,,,,,,Color,Sand,Size,S,MINIMALISTCROSST-SAN-S,shopify,deny,manual,42.00,,TRUE,TRUE,lb,active
minimalist-cross-tee,,,,,,,,Color,Sand,Size,M,MINIMALISTCROSST-SAN-M,shopify,deny,manual,42.00,,TRUE,TRUE,lb,active
minimalist-cross-tee,,,,,,,,Color,Sand,Size,L,MINIMALISTCROSST-SAN-L,shopify,deny,manual,42.00,,TRUE,TRUE,lb,active
minimalist-cross-tee,,,,,,,,Color,Sand,Size,XL,MINIMALISTCROSST-SAN-XL,shopify,deny,manual,42.00,,TRUE,TRUE,lb,active
minimalist-cross-tee,,,,,,,,Color,Sand,Size,2XL,MINIMALISTCROSST-SAN-2XL,shopify,deny,manual,42.00,,TRUE,TRUE,lb,active
minimalist-cross-tee,,,,,,,,Color,Moss,Size,S,MINIMALISTCROSST-MOS-S,shopify,deny,manual,42.00,,TRUE,TRUE,lb,active
minimalist-cross-tee,,,,,,,,Color,Moss,Size,M,MINIMALISTCROSST-MOS-M,shopify,deny,manual,42.00,,TRUE,TRUE,lb,active
minimalist-cross-tee,,,,,,,,Color,Moss,Size,L,MINIMALISTCROSST-MOS-L,shopify,deny,manual,42.00,,TRUE,TRUE,lb,active
minimalist-cross-tee,,,,,,,,Color,Moss,Size,XL,MINIMALISTCROSST-MOS-XL,shopify,deny,manual,42.00,,TRUE,TRUE,lb,active
minimalist-cross-tee,,,,,,,,Color,Moss,Size,2XL,MINIMALISTCROSST-MOS-2XL,shopify,deny,manual,42.00,,TRUE,TRUE,lb,active
grace-script-tee,Grace — Script Tee,"<p>The word that defines everything, set in elegant single-weight script. Minimalist, premium, endlessly wearable. Ephesians 2:8.</p>",MWFaith,Apparel & Accessories > Clothing > Shirts & Tops,T-Shirt,"Minimalist Faith, Christian, faith apparel, Bella+Canvas 3001, new",TRUE,Color,Black,Size,S,GRACESCRIPTTEE-BLA-S,shopify,deny,manual,40.00,,TRUE,TRUE,lb,active
grace-script-tee,,,,,,,,Color,Black,Size,M,GRACESCRIPTTEE-BLA-M,shopify,deny,manual,40.00,,TRUE,TRUE,lb,active
grace-script-tee,,,,,,,,Color,Black,Size,L,GRACESCRIPTTEE-BLA-L,shopify,deny,manual,40.00,,TRUE,TRUE,lb,active
grace-script-tee,,,,,,,,Color,Black,Size,XL,GRACESCRIPTTEE-BLA-XL,shopify,deny,manual,40.00,,TRUE,TRUE,lb,active
grace-script-tee,,,,,,,,Color,Black,Size,2XL,GRACESCRIPTTEE-BLA-2XL,shopify,deny,manual,40.00,,TRUE,TRUE,lb,active
grace-script-tee,,,,,,,,Color,Ivory,Size,S,GRACESCRIPTTEE-IVO-S,shopify,deny,manual,40.00,,TRUE,TRUE,lb,active
grace-script-tee,,,,,,,,Color,Ivory,Size,M,GRACESCRIPTTEE-IVO-M,shopify,deny,manual,40.00,,TRUE,TRUE,lb,active
grace-script-tee,,,,,,,,Color,Ivory,Size,L,GRACESCRIPTTEE-IVO-L,shopify,deny,manual,40.00,,TRUE,TRUE,lb,active
grace-script-tee,,,,,,,,Color,Ivory,Size,XL,GRACESCRIPTTEE-IVO-XL,shopify,deny,manual,40.00,,TRUE,TRUE,lb,active
grace-script-tee,,,,,,,,Color,Ivory,Size,2XL,GRACESCRIPTTEE-IVO-2XL,shopify,deny,manual,40.00,,TRUE,TRUE,lb,active
grace-script-tee,,,,,,,,Color,Clay,Size,S,GRACESCRIPTTEE-CLA-S,shopify,deny,manual,40.00,,TRUE,TRUE,lb,active
grace-script-tee,,,,,,,,Color,Clay,Size,M,GRACESCRIPTTEE-CLA-M,shopify,deny,manual,40.00,,TRUE,TRUE,lb,active
grace-script-tee,,,,,,,,Color,Clay,Size,L,GRACESCRIPTTEE-CLA-L,shopify,deny,manual,40.00,,TRUE,TRUE,lb,active
grace-script-tee,,,,,,,,Color,Clay,Size,XL,GRACESCRIPTTEE-CLA-XL,shopify,deny,manual,40.00,,TRUE,TRUE,lb,active
grace-script-tee,,,,,,,,Color,Clay,Size,2XL,GRACESCRIPTTEE-CLA-2XL,shopify,deny,manual,40.00,,TRUE,TRUE,lb,active
beloved-tee,Beloved — Garment-Dyed Tee,"<p>You are beloved. A soft serif statement of identity in Christ on heavyweight, garment-dyed cotton with a lived-in, washed feel.</p>",MWFaith,Apparel & Accessories > Clothing > Shirts & Tops,T-Shirt,"Minimalist Faith, Christian, faith apparel, Comfort Colors, new",TRUE,Color,Bone,Size,S,BELOVEDTEE-BON-S,shopify,deny,manual,46.00,,TRUE,TRUE,lb,active
beloved-tee,,,,,,,,Color,Bone,Size,M,BELOVEDTEE-BON-M,shopify,deny,manual,46.00,,TRUE,TRUE,lb,active
beloved-tee,,,,,,,,Color,Bone,Size,L,BELOVEDTEE-BON-L,shopify,deny,manual,46.00,,TRUE,TRUE,lb,active
beloved-tee,,,,,,,,Color,Bone,Size,XL,BELOVEDTEE-BON-XL,shopify,deny,manual,46.00,,TRUE,TRUE,lb,active
beloved-tee,,,,,,,,Color,Bone,Size,2XL,BELOVEDTEE-BON-2XL,shopify,deny,manual,46.00,,TRUE,TRUE,lb,active
beloved-tee,,,,,,,,Color,Blue Jean,Size,S,BELOVEDTEE-BLU-S,shopify,deny,manual,46.00,,TRUE,TRUE,lb,active
beloved-tee,,,,,,,,Color,Blue Jean,Size,M,BELOVEDTEE-BLU-M,shopify,deny,manual,46.00,,TRUE,TRUE,lb,active
beloved-tee,,,,,,,,Color,Blue Jean,Size,L,BELOVEDTEE-BLU-L,shopify,deny,manual,46.00,,TRUE,TRUE,lb,active
beloved-tee,,,,,,,,Color,Blue Jean,Size,XL,BELOVEDTEE-BLU-XL,shopify,deny,manual,46.00,,TRUE,TRUE,lb,active
beloved-tee,,,,,,,,Color,Blue Jean,Size,2XL,BELOVEDTEE-BLU-2XL,shopify,deny,manual,46.00,,TRUE,TRUE,lb,active
beloved-tee,,,,,,,,Color,Moss,Size,S,BELOVEDTEE-MOS-S,shopify,deny,manual,46.00,,TRUE,TRUE,lb,active
beloved-tee,,,,,,,,Color,Moss,Size,M,BELOVEDTEE-MOS-M,shopify,deny,manual,46.00,,TRUE,TRUE,lb,active
beloved-tee,,,,,,,,Color,Moss,Size,L,BELOVEDTEE-MOS-L,shopify,deny,manual,46.00,,TRUE,TRUE,lb,active
beloved-tee,,,,,,,,Color,Moss,Size,XL,BELOVEDTEE-MOS-XL,shopify,deny,manual,46.00,,TRUE,TRUE,lb,active
beloved-tee,,,,,,,,Color,Moss,Size,2XL,BELOVEDTEE-MOS-2XL,shopify,deny,manual,46.00,,TRUE,TRUE,lb,active
pray-on-it-tee,Pray On It — Tonal Tee,"<p>A gentle reminder and a quiet praying-hands line icon, printed tone-on-tone. Aesthetic faith for everyday wear.</p>",MWFaith,Apparel & Accessories > Clothing > Shirts & Tops,T-Shirt,"Minimalist Faith, Christian, faith apparel, Bella+Canvas 3001, new",TRUE,Color,Black,Size,S,PRAYONITTEE-BLA-S,shopify,deny,manual,42.00,,TRUE,TRUE,lb,active
pray-on-it-tee,,,,,,,,Color,Black,Size,M,PRAYONITTEE-BLA-M,shopify,deny,manual,42.00,,TRUE,TRUE,lb,active
pray-on-it-tee,,,,,,,,Color,Black,Size,L,PRAYONITTEE-BLA-L,shopify,deny,manual,42.00,,TRUE,TRUE,lb,active
pray-on-it-tee,,,,,,,,Color,Black,Size,XL,PRAYONITTEE-BLA-XL,shopify,deny,manual,42.00,,TRUE,TRUE,lb,active
pray-on-it-tee,,,,,,,,Color,Black,Size,2XL,PRAYONITTEE-BLA-2XL,shopify,deny,manual,42.00,,TRUE,TRUE,lb,active
pray-on-it-tee,,,,,,,,Color,White,Size,S,PRAYONITTEE-WHI-S,shopify,deny,manual,42.00,,TRUE,TRUE,lb,active
pray-on-it-tee,,,,,,,,Color,White,Size,M,PRAYONITTEE-WHI-M,shopify,deny,manual,42.00,,TRUE,TRUE,lb,active
pray-on-it-tee,,,,,,,,Color,White,Size,L,PRAYONITTEE-WHI-L,shopify,deny,manual,42.00,,TRUE,TRUE,lb,active
pray-on-it-tee,,,,,,,,Color,White,Size,XL,PRAYONITTEE-WHI-XL,shopify,deny,manual,42.00,,TRUE,TRUE,lb,active
pray-on-it-tee,,,,,,,,Color,White,Size,2XL,PRAYONITTEE-WHI-2XL,shopify,deny,manual,42.00,,TRUE,TRUE,lb,active
pray-on-it-tee,,,,,,,,Color,Pistachio,Size,S,PRAYONITTEE-PIS-S,shopify,deny,manual,42.00,,TRUE,TRUE,lb,active
pray-on-it-tee,,,,,,,,Color,Pistachio,Size,M,PRAYONITTEE-PIS-M,shopify,deny,manual,42.00,,TRUE,TRUE,lb,active
pray-on-it-tee,,,,,,,,Color,Pistachio,Size,L,PRAYONITTEE-PIS-L,shopify,deny,manual,42.00,,TRUE,TRUE,lb,active
pray-on-it-tee,,,,,,,,Color,Pistachio,Size,XL,PRAYONITTEE-PIS-XL,shopify,deny,manual,42.00,,TRUE,TRUE,lb,active
pray-on-it-tee,,,,,,,,Color,Pistachio,Size,2XL,PRAYONITTEE-PIS-2XL,shopify,deny,manual,42.00,,TRUE,TRUE,lb,active
philippians-413-tee,Philippians 4:13 — Reference Tee,<p>Just the reference. The conversation starter. “I can do all things through Christ who strengthens me.” Minimal type on premium cotton.</p>,MWFaith,Apparel & Accessories > Clothing > Shirts & Tops,T-Shirt,"Minimalist Faith, Christian, faith apparel, Bella+Canvas 3001, new",TRUE,Color,Black,Size,S,PHILIPPIANS413TE-BLA-S,shopify,deny,manual,40.00,,TRUE,TRUE,lb,active
philippians-413-tee,,,,,,,,Color,Black,Size,M,PHILIPPIANS413TE-BLA-M,shopify,deny,manual,40.00,,TRUE,TRUE,lb,active
philippians-413-tee,,,,,,,,Color,Black,Size,L,PHILIPPIANS413TE-BLA-L,shopify,deny,manual,40.00,,TRUE,TRUE,lb,active
philippians-413-tee,,,,,,,,Color,Black,Size,XL,PHILIPPIANS413TE-BLA-XL,shopify,deny,manual,40.00,,TRUE,TRUE,lb,active
philippians-413-tee,,,,,,,,Color,Black,Size,2XL,PHILIPPIANS413TE-BLA-2XL,shopify,deny,manual,40.00,,TRUE,TRUE,lb,active
philippians-413-tee,,,,,,,,Color,Vintage White,Size,S,PHILIPPIANS413TE-VIN-S,shopify,deny,manual,40.00,,TRUE,TRUE,lb,active
philippians-413-tee,,,,,,,,Color,Vintage White,Size,M,PHILIPPIANS413TE-VIN-M,shopify,deny,manual,40.00,,TRUE,TRUE,lb,active
philippians-413-tee,,,,,,,,Color,Vintage White,Size,L,PHILIPPIANS413TE-VIN-L,shopify,deny,manual,40.00,,TRUE,TRUE,lb,active
philippians-413-tee,,,,,,,,Color,Vintage White,Size,XL,PHILIPPIANS413TE-VIN-XL,shopify,deny,manual,40.00,,TRUE,TRUE,lb,active
philippians-413-tee,,,,,,,,Color,Vintage White,Size,2XL,PHILIPPIANS413TE-VIN-2XL,shopify,deny,manual,40.00,,TRUE,TRUE,lb,active
faith-over-fear-tee,Faith Over Fear — Vintage Tee,"<p>The classic, reimagined. Bold stacked type with a soft vintage print on garment-dyed heavyweight cotton.</p>",MWFaith,Apparel & Accessories > Clothing > Shirts & Tops,T-Shirt,"Scripture & Verse, Christian, faith apparel, Comfort Colors, new",TRUE,Color,Black,Size,S,FAITHOVERFEARTE-BLA-S,shopify,deny,manual,44.00,,TRUE,TRUE,lb,active
faith-over-fear-tee,,,,,,,,Color,Black,Size,M,FAITHOVERFEARTE-BLA-M,shopify,deny,manual,44.00,,TRUE,TRUE,lb,active
faith-over-fear-tee,,,,,,,,Color,Black,Size,L,FAITHOVERFEARTE-BLA-L,shopify,deny,manual,44.00,,TRUE,TRUE,lb,active
faith-over-fear-tee,,,,,,,,Color,Black,Size,XL,FAITHOVERFEARTE-BLA-XL,shopify,deny,manual,44.00,,TRUE,TRUE,lb,active
faith-over-fear-tee,,,,,,,,Color,Black,Size,2XL,FAITHOVERFEARTE-BLA-2XL,shopify,deny,manual,44.00,,TRUE,TRUE,lb,active
faith-over-fear-tee,,,,,,,,Color,Sand,Size,S,FAITHOVERFEARTE-SAN-S,shopify,deny,manual,44.00,,TRUE,TRUE,lb,active
faith-over-fear-tee,,,,,,,,Color,Sand,Size,M,FAITHOVERFEARTE-SAN-M,shopify,deny,manual,44.00,,TRUE,TRUE,lb,active
faith-over-fear-tee,,,,,,,,Color,Sand,Size,L,FAITHOVERFEARTE-SAN-L,shopify,deny,manual,44.00,,TRUE,TRUE,lb,active
faith-over-fear-tee,,,,,,,,Color,Sand,Size,XL,FAITHOVERFEARTE-SAN-XL,shopify,deny,manual,44.00,,TRUE,TRUE,lb,active
faith-over-fear-tee,,,,,,,,Color,Sand,Size,2XL,FAITHOVERFEARTE-SAN-2XL,shopify,deny,manual,44.00,,TRUE,TRUE,lb,active
faith-over-fear-tee,,,,,,,,Color,Navy,Size,S,FAITHOVERFEARTE-NAV-S,shopify,deny,manual,44.00,,TRUE,TRUE,lb,active
faith-over-fear-tee,,,,,,,,Color,Navy,Size,M,FAITHOVERFEARTE-NAV-M,shopify,deny,manual,44.00,,TRUE,TRUE,lb,active
faith-over-fear-tee,,,,,,,,Color,Navy,Size,L,FAITHOVERFEARTE-NAV-L,shopify,deny,manual,44.00,,TRUE,TRUE,lb,active
faith-over-fear-tee,,,,,,,,Color,Navy,Size,XL,FAITHOVERFEARTE-NAV-XL,shopify,deny,manual,44.00,,TRUE,TRUE,lb,active
faith-over-fear-tee,,,,,,,,Color,Navy,Size,2XL,FAITHOVERFEARTE-NAV-2XL,shopify,deny,manual,44.00,,TRUE,TRUE,lb,active
be-still-psalm-46-tee,Be Still — Psalm 46:10 Tee,"<p>“Be still, and know that I am God.” Calm serif type with a fine underline rule. A daily exhale.</p>",MWFaith,Apparel & Accessories > Clothing > Shirts & Tops,T-Shirt,"Scripture & Verse, Christian, faith apparel, Bella+Canvas 3001, new",TRUE,Color,Ivory,Size,S,BESTILLPSALM46-IVO-S,shopify,deny,manual,42.00,,TRUE,TRUE,lb,active
be-still-psalm-46-tee,,,,,,,,Color,Ivory,Size,M,BESTILLPSALM46-IVO-M,shopify,deny,manual,42.00,,TRUE,TRUE,lb,active
be-still-psalm-46-tee,,,,,,,,Color,Ivory,Size,L,BESTILLPSALM46-IVO-L,shopify,deny,manual,42.00,,TRUE,TRUE,lb,active
be-still-psalm-46-tee,,,,,,,,Color,Ivory,Size,XL,BESTILLPSALM46-IVO-XL,shopify,deny,manual,42.00,,TRUE,TRUE,lb,active
be-still-psalm-46-tee,,,,,,,,Color,Ivory,Size,2XL,BESTILLPSALM46-IVO-2XL,shopify,deny,manual,42.00,,TRUE,TRUE,lb,active
be-still-psalm-46-tee,,,,,,,,Color,Moss,Size,S,BESTILLPSALM46-MOS-S,shopify,deny,manual,42.00,,TRUE,TRUE,lb,active
be-still-psalm-46-tee,,,,,,,,Color,Moss,Size,M,BESTILLPSALM46-MOS-M,shopify,deny,manual,42.00,,TRUE,TRUE,lb,active
be-still-psalm-46-tee,,,,,,,,Color,Moss,Size,L,BESTILLPSALM46-MOS-L,shopify,deny,manual,42.00,,TRUE,TRUE,lb,active
be-still-psalm-46-tee,,,,,,,,Color,Moss,Size,XL,BESTILLPSALM46-MOS-XL,shopify,deny,manual,42.00,,TRUE,TRUE,lb,active
be-still-psalm-46-tee,,,,,,,,Color,Moss,Size,2XL,BESTILLPSALM46-MOS-2XL,shopify,deny,manual,42.00,,TRUE,TRUE,lb,active
be-still-psalm-46-tee,,,,,,,,Color,Blue Jean,Size,S,BESTILLPSALM46-BLU-S,shopify,deny,manual,42.00,,TRUE,TRUE,lb,active
be-still-psalm-46-tee,,,,,,,,Color,Blue Jean,Size,M,BESTILLPSALM46-BLU-M,shopify,deny,manual,42.00,,TRUE,TRUE,lb,active
be-still-psalm-46-tee,,,,,,,,Color,Blue Jean,Size,L,BESTILLPSALM46-BLU-L,shopify,deny,manual,42.00,,TRUE,TRUE,lb,active
be-still-psalm-46-tee,,,,,,,,Color,Blue Jean,Size,XL,BESTILLPSALM46-BLU-XL,shopify,deny,manual,42.00,,TRUE,TRUE,lb,active
be-still-psalm-46-tee,,,,,,,,Color,Blue Jean,Size,2XL,BESTILLPSALM46-BLU-2XL,shopify,deny,manual,42.00,,TRUE,TRUE,lb,active
saved-by-grace-tee,Saved by Grace — Ephesians 2:8 Tee,"<p>The gospel in three words, set in modern condensed type. For by grace you have been saved, through faith.</p>",MWFaith,Apparel & Accessories > Clothing > Shirts & Tops,T-Shirt,"Scripture & Verse, Christian, faith apparel, Bella+Canvas 3001, new",TRUE,Color,Black,Size,S,SAVEDBYGRACETEE-BLA-S,shopify,deny,manual,44.00,,TRUE,TRUE,lb,active
saved-by-grace-tee,,,,,,,,Color,Black,Size,M,SAVEDBYGRACETEE-BLA-M,shopify,deny,manual,44.00,,TRUE,TRUE,lb,active
saved-by-grace-tee,,,,,,,,Color,Black,Size,L,SAVEDBYGRACETEE-BLA-L,shopify,deny,manual,44.00,,TRUE,TRUE,lb,active
saved-by-grace-tee,,,,,,,,Color,Black,Size,XL,SAVEDBYGRACETEE-BLA-XL,shopify,deny,manual,44.00,,TRUE,TRUE,lb,active
saved-by-grace-tee,,,,,,,,Color,Black,Size,2XL,SAVEDBYGRACETEE-BLA-2XL,shopify,deny,manual,44.00,,TRUE,TRUE,lb,active
saved-by-grace-tee,,,,,,,,Color,White,Size,S,SAVEDBYGRACETEE-WHI-S,shopify,deny,manual,44.00,,TRUE,TRUE,lb,active
saved-by-grace-tee,,,,,,,,Color,White,Size,M,SAVEDBYGRACETEE-WHI-M,shopify,deny,manual,44.00,,TRUE,TRUE,lb,active
saved-by-grace-tee,,,,,,,,Color,White,Size,L,SAVEDBYGRACETEE-WHI-L,shopify,deny,manual,44.00,,TRUE,TRUE,lb,active
saved-by-grace-tee,,,,,,,,Color,White,Size,XL,SAVEDBYGRACETEE-WHI-XL,shopify,deny,manual,44.00,,TRUE,TRUE,lb,active
saved-by-grace-tee,,,,,,,,Color,White,Size,2XL,SAVEDBYGRACETEE-WHI-2XL,shopify,deny,manual,44.00,,TRUE,TRUE,lb,active
saved-by-grace-tee,,,,,,,,Color,Olive,Size,S,SAVEDBYGRACETEE-OLI-S,shopify,deny,manual,44.00,,TRUE,TRUE,lb,active
saved-by-grace-tee,,,,,,,,Color,Olive,Size,M,SAVEDBYGRACETEE-OLI-M,shopify,deny,manual,44.00,,TRUE,TRUE,lb,active
saved-by-grace-tee,,,,,,,,Color,Olive,Size,L,SAVEDBYGRACETEE-OLI-L,shopify,deny,manual,44.00,,TRUE,TRUE,lb,active
saved-by-grace-tee,,,,,,,,Color,Olive,Size,XL,SAVEDBYGRACETEE-OLI-XL,shopify,deny,manual,44.00,,TRUE,TRUE,lb,active
saved-by-grace-tee,,,,,,,,Color,Olive,Size,2XL,SAVEDBYGRACETEE-OLI-2XL,shopify,deny,manual,44.00,,TRUE,TRUE,lb,active
walk-by-faith-tee,Walk by Faith — 2 Corinthians 5:7 Tee,"<p>Vintage varsity-arc type on garment-dyed cotton. “We walk by faith, not by sight.” A gifting and group favorite.</p>",MWFaith,Apparel & Accessories > Clothing > Shirts & Tops,T-Shirt,"Scripture & Verse, Christian, faith apparel, Comfort Colors, new",TRUE,Color,Sand,Size,S,WALKBYFAITHTEE-SAN-S,shopify,deny,manual,46.00,,TRUE,TRUE,lb,active
walk-by-faith-tee,,,,,,,,Color,Sand,Size,M,WALKBYFAITHTEE-SAN-M,shopify,deny,manual,46.00,,TRUE,TRUE,lb,active
walk-by-faith-tee,,,,,,,,Color,Sand,Size,L,WALKBYFAITHTEE-SAN-L,shopify,deny,manual,46.00,,TRUE,TRUE,lb,active
walk-by-faith-tee,,,,,,,,Color,Sand,Size,XL,WALKBYFAITHTEE-SAN-XL,shopify,deny,manual,46.00,,TRUE,TRUE,lb,active
walk-by-faith-tee,,,,,,,,Color,Sand,Size,2XL,WALKBYFAITHTEE-SAN-2XL,shopify,deny,manual,46.00,,TRUE,TRUE,lb,active
walk-by-faith-tee,,,,,,,,Color,Black,Size,S,WALKBYFAITHTEE-BLA-S,shopify,deny,manual,46.00,,TRUE,TRUE,lb,active
walk-by-faith-tee,,,,,,,,Color,Black,Size,M,WALKBYFAITHTEE-BLA-M,shopify,deny,manual,46.00,,TRUE,TRUE,lb,active
walk-by-faith-tee,,,,,,,,Color,Black,Size,L,WALKBYFAITHTEE-BLA-L,shopify,deny,manual,46.00,,TRUE,TRUE,lb,active
walk-by-faith-tee,,,,,,,,Color,Black,Size,XL,WALKBYFAITHTEE-BLA-XL,shopify,deny,manual,46.00,,TRUE,TRUE,lb,active
walk-by-faith-tee,,,,,,,,Color,Black,Size,2XL,WALKBYFAITHTEE-BLA-2XL,shopify,deny,manual,46.00,,TRUE,TRUE,lb,active
walk-by-faith-tee,,,,,,,,Color,Navy,Size,S,WALKBYFAITHTEE-NAV-S,shopify,deny,manual,46.00,,TRUE,TRUE,lb,active
walk-by-faith-tee,,,,,,,,Color,Navy,Size,M,WALKBYFAITHTEE-NAV-M,shopify,deny,manual,46.00,,TRUE,TRUE,lb,active
walk-by-faith-tee,,,,,,,,Color,Navy,Size,L,WALKBYFAITHTEE-NAV-L,shopify,deny,manual,46.00,,TRUE,TRUE,lb,active
walk-by-faith-tee,,,,,,,,Color,Navy,Size,XL,WALKBYFAITHTEE-NAV-XL,shopify,deny,manual,46.00,,TRUE,TRUE,lb,active
walk-by-faith-tee,,,,,,,,Color,Navy,Size,2XL,WALKBYFAITHTEE-NAV-2XL,shopify,deny,manual,46.00,,TRUE,TRUE,lb,active
mercies-new-tee,His Mercies Are New — Lamentations 3:23 Tee,<p>New every morning. Verse type paired with a fine-line rising-sun motif. Great is His faithfulness.</p>,MWFaith,Apparel & Accessories > Clothing > Shirts & Tops,T-Shirt,"Scripture & Verse, Christian, faith apparel, Bella+Canvas 3001, new",TRUE,Color,Ivory,Size,S,MERCIESNEWTEE-IVO-S,shopify,deny,manual,44.00,,TRUE,TRUE,lb,active
mercies-new-tee,,,,,,,,Color,Ivory,Size,M,MERCIESNEWTEE-IVO-M,shopify,deny,manual,44.00,,TRUE,TRUE,lb,active
mercies-new-tee,,,,,,,,Color,Ivory,Size,L,MERCIESNEWTEE-IVO-L,shopify,deny,manual,44.00,,TRUE,TRUE,lb,active
mercies-new-tee,,,,,,,,Color,Ivory,Size,XL,MERCIESNEWTEE-IVO-XL,shopify,deny,manual,44.00,,TRUE,TRUE,lb,active
mercies-new-tee,,,,,,,,Color,Ivory,Size,2XL,MERCIESNEWTEE-IVO-2XL,shopify,deny,manual,44.00,,TRUE,TRUE,lb,active
mercies-new-tee,,,,,,,,Color,Clay,Size,S,MERCIESNEWTEE-CLA-S,shopify,deny,manual,44.00,,TRUE,TRUE,lb,active
mercies-new-tee,,,,,,,,Color,Clay,Size,M,MERCIESNEWTEE-CLA-M,shopify,deny,manual,44.00,,TRUE,TRUE,lb,active
mercies-new-tee,,,,,,,,Color,Clay,Size,L,MERCIESNEWTEE-CLA-L,shopify,deny,manual,44.00,,TRUE,TRUE,lb,active
mercies-new-tee,,,,,,,,Color,Clay,Size,XL,MERCIESNEWTEE-CLA-XL,shopify,deny,manual,44.00,,TRUE,TRUE,lb,active
mercies-new-tee,,,,,,,,Color,Clay,Size,2XL,MERCIESNEWTEE-CLA-2XL,shopify,deny,manual,44.00,,TRUE,TRUE,lb,active
mercies-new-tee,,,,,,,,Color,Pistachio,Size,S,MERCIESNEWTEE-PIS-S,shopify,deny,manual,44.00,,TRUE,TRUE,lb,active
mercies-new-tee,,,,,,,,Color,Pistachio,Size,M,MERCIESNEWTEE-PIS-M,shopify,deny,manual,44.00,,TRUE,TRUE,lb,active
mercies-new-tee,,,,,,,,Color,Pistachio,Size,L,MERCIESNEWTEE-PIS-L,shopify,deny,manual,44.00,,TRUE,TRUE,lb,active
mercies-new-tee,,,,,,,,Color,Pistachio,Size,XL,MERCIESNEWTEE-PIS-XL,shopify,deny,manual,44.00,,TRUE,TRUE,lb,active
mercies-new-tee,,,,,,,,Color,Pistachio,Size,2XL,MERCIESNEWTEE-PIS-2XL,shopify,deny,manual,44.00,,TRUE,TRUE,lb,active
psalm-23-tee,The Lord Is My Shepherd — Psalm 23 Tee,"<p>Editorial serif, centered full-front. The most beloved psalm, designed to feel like a luxury piece.</p>",MWFaith,Apparel & Accessories > Clothing > Shirts & Tops,T-Shirt,"Scripture & Verse, Christian, faith apparel, Bella+Canvas 3001, new",TRUE,Color,Black,Size,S,PSALM23TEE-BLA-S,shopify,deny,manual,44.00,,TRUE,TRUE,lb,active
psalm-23-tee,,,,,,,,Color,Black,Size,M,PSALM23TEE-BLA-M,shopify,deny,manual,44.00,,TRUE,TRUE,lb,active
psalm-23-tee,,,,,,,,Color,Black,Size,L,PSALM23TEE-BLA-L,shopify,deny,manual,44.00,,TRUE,TRUE,lb,active
psalm-23-tee,,,,,,,,Color,Black,Size,XL,PSALM23TEE-BLA-XL,shopify,deny,manual,44.00,,TRUE,TRUE,lb,active
psalm-23-tee,,,,,,,,Color,Black,Size,2XL,PSALM23TEE-BLA-2XL,shopify,deny,manual,44.00,,TRUE,TRUE,lb,active
psalm-23-tee,,,,,,,,Color,Vintage White,Size,S,PSALM23TEE-VIN-S,shopify,deny,manual,44.00,,TRUE,TRUE,lb,active
psalm-23-tee,,,,,,,,Color,Vintage White,Size,M,PSALM23TEE-VIN-M,shopify,deny,manual,44.00,,TRUE,TRUE,lb,active
psalm-23-tee,,,,,,,,Color,Vintage White,Size,L,PSALM23TEE-VIN-L,shopify,deny,manual,44.00,,TRUE,TRUE,lb,active
psalm-23-tee,,,,,,,,Color,Vintage White,Size,XL,PSALM23TEE-VIN-XL,shopify,deny,manual,44.00,,TRUE,TRUE,lb,active
psalm-23-tee,,,,,,,,Color,Vintage White,Size,2XL,PSALM23TEE-VIN-2XL,shopify,deny,manual,44.00,,TRUE,TRUE,lb,active
jesus-is-king-tee,Jesus Is King — Heavyweight Tee,"<p>Bold, confident, unmistakable. Statement type on an oversized heavyweight blank built for streetwear.</p>",MWFaith,Apparel & Accessories > Clothing > Shirts & Tops,T-Shirt,"Scripture & Verse, Christian, faith apparel, Heavyweight Oversized, new",TRUE,Color,Black,Size,S,JESUSISKINGTEE-BLA-S,shopify,deny,manual,50.00,,TRUE,TRUE,lb,active
jesus-is-king-tee,,,,,,,,Color,Black,Size,M,JESUSISKINGTEE-BLA-M,shopify,deny,manual,50.00,,TRUE,TRUE,lb,active
jesus-is-king-tee,,,,,,,,Color,Black,Size,L,JESUSISKINGTEE-BLA-L,shopify,deny,manual,50.00,,TRUE,TRUE,lb,active
jesus-is-king-tee,,,,,,,,Color,Black,Size,XL,JESUSISKINGTEE-BLA-XL,shopify,deny,manual,50.00,,TRUE,TRUE,lb,active
jesus-is-king-tee,,,,,,,,Color,Black,Size,2XL,JESUSISKINGTEE-BLA-2XL,shopify,deny,manual,50.00,,TRUE,TRUE,lb,active
jesus-is-king-tee,,,,,,,,Color,Acid Wash Gray,Size,S,JESUSISKINGTEE-ACI-S,shopify,deny,manual,50.00,,TRUE,TRUE,lb,active
jesus-is-king-tee,,,,,,,,Color,Acid Wash Gray,Size,M,JESUSISKINGTEE-ACI-M,shopify,deny,manual,50.00,,TRUE,TRUE,lb,active
jesus-is-king-tee,,,,,,,,Color,Acid Wash Gray,Size,L,JESUSISKINGTEE-ACI-L,shopify,deny,manual,50.00,,TRUE,TRUE,lb,active
jesus-is-king-tee,,,,,,,,Color,Acid Wash Gray,Size,XL,JESUSISKINGTEE-ACI-XL,shopify,deny,manual,50.00,,TRUE,TRUE,lb,active
jesus-is-king-tee,,,,,,,,Color,Acid Wash Gray,Size,2XL,JESUSISKINGTEE-ACI-2XL,shopify,deny,manual,50.00,,TRUE,TRUE,lb,active
jesus-is-king-tee,,,,,,,,Color,White,Size,S,JESUSISKINGTEE-WHI-S,shopify,deny,manual,50.00,,TRUE,TRUE,lb,active
jesus-is-king-tee,,,,,,,,Color,White,Size,M,JESUSISKINGTEE-WHI-M,shopify,deny,manual,50.00,,TRUE,TRUE,lb,active
jesus-is-king-tee,,,,,,,,Color,White,Size,L,JESUSISKINGTEE-WHI-L,shopify,deny,manual,50.00,,TRUE,TRUE,lb,active
jesus-is-king-tee,,,,,,,,Color,White,Size,XL,JESUSISKINGTEE-WHI-XL,shopify,deny,manual,50.00,,TRUE,TRUE,lb,active
jesus-is-king-tee,,,,,,,,Color,White,Size,2XL,JESUSISKINGTEE-WHI-2XL,shopify,deny,manual,50.00,,TRUE,TRUE,lb,active
lion-and-the-lamb-tee,Lion & the Lamb — Graphic Tee,<p>A visual parable. Detailed lion-and-lamb illustration with a large back print and small front hit on heavyweight oversized cotton.</p>,MWFaith,Apparel & Accessories > Clothing > Shirts & Tops,T-Shirt,"Streetwear Drops, Christian, faith apparel, Heavyweight Oversized, new",TRUE,Color,Black,Size,S,LIONANDTHELAMB-BLA-S,shopify,deny,manual,54.00,,TRUE,TRUE,lb,active
lion-and-the-lamb-tee,,,,,,,,Color,Black,Size,M,LIONANDTHELAMB-BLA-M,shopify,deny,manual,54.00,,TRUE,TRUE,lb,active
lion-and-the-lamb-tee,,,,,,,,Color,Black,Size,L,LIONANDTHELAMB-BLA-L,shopify,deny,manual,54.00,,TRUE,TRUE,lb,active
lion-and-the-lamb-tee,,,,,,,,Color,Black,Size,XL,LIONANDTHELAMB-BLA-XL,shopify,deny,manual,54.00,,TRUE,TRUE,lb,active
lion-and-the-lamb-tee,,,,,,,,Color,Black,Size,2XL,LIONANDTHELAMB-BLA-2XL,shopify,deny,manual,54.00,,TRUE,TRUE,lb,active
lion-and-the-lamb-tee,,,,,,,,Color,Vintage White,Size,S,LIONANDTHELAMB-VIN-S,shopify,deny,manual,54.00,,TRUE,TRUE,lb,active
lion-and-the-lamb-tee,,,,,,,,Color,Vintage White,Size,M,LIONANDTHELAMB-VIN-M,shopify,deny,manual,54.00,,TRUE,TRUE,lb,active
lion-and-the-lamb-tee,,,,,,,,Color,Vintage White,Size,L,LIONANDTHELAMB-VIN-L,shopify,deny,manual,54.00,,TRUE,TRUE,lb,active
lion-and-the-lamb-tee,,,,,,,,Color,Vintage White,Size,XL,LIONANDTHELAMB-VIN-XL,shopify,deny,manual,54.00,,TRUE,TRUE,lb,active
lion-and-the-lamb-tee,,,,,,,,Color,Vintage White,Size,2XL,LIONANDTHELAMB-VIN-2XL,shopify,deny,manual,54.00,,TRUE,TRUE,lb,active
lion-and-the-lamb-tee,,,,,,,,Color,Acid Wash Gray,Size,S,LIONANDTHELAMB-ACI-S,shopify,deny,manual,54.00,,TRUE,TRUE,lb,active
lion-and-the-lamb-tee,,,,,,,,Color,Acid Wash Gray,Size,M,LIONANDTHELAMB-ACI-M,shopify,deny,manual,54.00,,TRUE,TRUE,lb,active
lion-and-the-lamb-tee,,,,,,,,Color,Acid Wash Gray,Size,L,LIONANDTHELAMB-ACI-L,shopify,deny,manual,54.00,,TRUE,TRUE,lb,active
lion-and-the-lamb-tee,,,,,,,,Color,Acid Wash Gray,Size,XL,LIONANDTHELAMB-ACI-XL,shopify,deny,manual,54.00,,TRUE,TRUE,lb,active
lion-and-the-lamb-tee,,,,,,,,Color,Acid Wash Gray,Size,2XL,LIONANDTHELAMB-ACI-2XL,shopify,deny,manual,54.00,,TRUE,TRUE,lb,active
ichthys-greek-tee,Ichthys (ΙΧΘΥΣ) — Greek Tee,<p>The early church’s secret symbol and the Greek word ΙΧΘΥΣ. Language depth as a conversation starter.</p>,MWFaith,Apparel & Accessories > Clothing > Shirts & Tops,T-Shirt,"Streetwear Drops, Christian, faith apparel, Bella+Canvas 3001, new",TRUE,Color,Black,Size,S,ICHTHYSGREEKTEE-BLA-S,shopify,deny,manual,46.00,,TRUE,TRUE,lb,active
ichthys-greek-tee,,,,,,,,Color,Black,Size,M,ICHTHYSGREEKTEE-BLA-M,shopify,deny,manual,46.00,,TRUE,TRUE,lb,active
ichthys-greek-tee,,,,,,,,Color,Black,Size,L,ICHTHYSGREEKTEE-BLA-L,shopify,deny,manual,46.00,,TRUE,TRUE,lb,active
ichthys-greek-tee,,,,,,,,Color,Black,Size,XL,ICHTHYSGREEKTEE-BLA-XL,shopify,deny,manual,46.00,,TRUE,TRUE,lb,active
ichthys-greek-tee,,,,,,,,Color,Black,Size,2XL,ICHTHYSGREEKTEE-BLA-2XL,shopify,deny,manual,46.00,,TRUE,TRUE,lb,active
ichthys-greek-tee,,,,,,,,Color,Bone,Size,S,ICHTHYSGREEKTEE-BON-S,shopify,deny,manual,46.00,,TRUE,TRUE,lb,active
ichthys-greek-tee,,,,,,,,Color,Bone,Size,M,ICHTHYSGREEKTEE-BON-M,shopify,deny,manual,46.00,,TRUE,TRUE,lb,active
ichthys-greek-tee,,,,,,,,Color,Bone,Size,L,ICHTHYSGREEKTEE-BON-L,shopify,deny,manual,46.00,,TRUE,TRUE,lb,active
ichthys-greek-tee,,,,,,,,Color,Bone,Size,XL,ICHTHYSGREEKTEE-BON-XL,shopify,deny,manual,46.00,,TRUE,TRUE,lb,active
ichthys-greek-tee,,,,,,,,Color,Bone,Size,2XL,ICHTHYSGREEKTEE-BON-2XL,shopify,deny,manual,46.00,,TRUE,TRUE,lb,active
ichthys-greek-tee,,,,,,,,Color,Navy,Size,S,ICHTHYSGREEKTEE-NAV-S,shopify,deny,manual,46.00,,TRUE,TRUE,lb,active
ichthys-greek-tee,,,,,,,,Color,Navy,Size,M,ICHTHYSGREEKTEE-NAV-M,shopify,deny,manual,46.00,,TRUE,TRUE,lb,active
ichthys-greek-tee,,,,,,,,Color,Navy,Size,L,ICHTHYSGREEKTEE-NAV-L,shopify,deny,manual,46.00,,TRUE,TRUE,lb,active
ichthys-greek-tee,,,,,,,,Color,Navy,Size,XL,ICHTHYSGREEKTEE-NAV-XL,shopify,deny,manual,46.00,,TRUE,TRUE,lb,active
ichthys-greek-tee,,,,,,,,Color,Navy,Size,2XL,ICHTHYSGREEKTEE-NAV-2XL,shopify,deny,manual,46.00,,TRUE,TRUE,lb,active
hesed-hebrew-tee,Hesed (חֶׁסֶד) — Hebrew Tee,"<p>Hesed — God’s steadfast, covenant love. The Hebrew word with a small English subtitle. Minimalist and intentional.</p>",MWFaith,Apparel & Accessories > Clothing > Shirts & Tops,T-Shirt,"Streetwear Drops, Christian, faith apparel, Bella+Canvas 3001, new",TRUE,Color,Black,Size,S,HESEDHEBREWTEE-BLA-S,shopify,deny,manual,46.00,,TRUE,TRUE,lb,active
hesed-hebrew-tee,,,,,,,,Color,Black,Size,M,HESEDHEBREWTEE-BLA-M,shopify,deny,manual,46.00,,TRUE,TRUE,lb,active
hesed-hebrew-tee,,,,,,,,Color,Black,Size,L,HESEDHEBREWTEE-BLA-L,shopify,deny,manual,46.00,,TRUE,TRUE,lb,active
hesed-hebrew-tee,,,,,,,,Color,Black,Size,XL,HESEDHEBREWTEE-BLA-XL,shopify,deny,manual,46.00,,TRUE,TRUE,lb,active
hesed-hebrew-tee,,,,,,,,Color,Black,Size,2XL,HESEDHEBREWTEE-BLA-2XL,shopify,deny,manual,46.00,,TRUE,TRUE,lb,active
hesed-hebrew-tee,,,,,,,,Color,Sand,Size,S,HESEDHEBREWTEE-SAN-S,shopify,deny,manual,46.00,,TRUE,TRUE,lb,active
hesed-hebrew-tee,,,,,,,,Color,Sand,Size,M,HESEDHEBREWTEE-SAN-M,shopify,deny,manual,46.00,,TRUE,TRUE,lb,active
hesed-hebrew-tee,,,,,,,,Color,Sand,Size,L,HESEDHEBREWTEE-SAN-L,shopify,deny,manual,46.00,,TRUE,TRUE,lb,active
hesed-hebrew-tee,,,,,,,,Color,Sand,Size,XL,HESEDHEBREWTEE-SAN-XL,shopify,deny,manual,46.00,,TRUE,TRUE,lb,active
hesed-hebrew-tee,,,,,,,,Color,Sand,Size,2XL,HESEDHEBREWTEE-SAN-2XL,shopify,deny,manual,46.00,,TRUE,TRUE,lb,active
hesed-hebrew-tee,,,,,,,,Color,Moss,Size,S,HESEDHEBREWTEE-MOS-S,shopify,deny,manual,46.00,,TRUE,TRUE,lb,active
hesed-hebrew-tee,,,,,,,,Color,Moss,Size,M,HESEDHEBREWTEE-MOS-M,shopify,deny,manual,46.00,,TRUE,TRUE,lb,active
hesed-hebrew-tee,,,,,,,,Color,Moss,Size,L,HESEDHEBREWTEE-MOS-L,shopify,deny,manual,46.00,,TRUE,TRUE,lb,active
hesed-hebrew-tee,,,,,,,,Color,Moss,Size,XL,HESEDHEBREWTEE-MOS-XL,shopify,deny,manual,46.00,,TRUE,TRUE,lb,active
hesed-hebrew-tee,,,,,,,,Color,Moss,Size,2XL,HESEDHEBREWTEE-MOS-2XL,shopify,deny,manual,46.00,,TRUE,TRUE,lb,active
acid-wash-cross-tee,Acid-Wash Cross — Oversized Drop,"<p>A limited streetwear drop. Distressed large back cross on a garment/acid-wash heavyweight blank. Boxy, dropped-shoulder fit.</p>",MWFaith,Apparel & Accessories > Clothing > Shirts & Tops,T-Shirt,"Streetwear Drops, Christian, faith apparel, Heavyweight Oversized, new",TRUE,Color,Acid Wash Black,Size,S,ACIDWASHCROSSTE-ACI-S,shopify,deny,manual,56.00,,TRUE,TRUE,lb,active
acid-wash-cross-tee,,,,,,,,Color,Acid Wash Black,Size,M,ACIDWASHCROSSTE-ACI-M,shopify,deny,manual,56.00,,TRUE,TRUE,lb,active
acid-wash-cross-tee,,,,,,,,Color,Acid Wash Black,Size,L,ACIDWASHCROSSTE-ACI-L,shopify,deny,manual,56.00,,TRUE,TRUE,lb,active
acid-wash-cross-tee,,,,,,,,Color,Acid Wash Black,Size,XL,ACIDWASHCROSSTE-ACI-XL,shopify,deny,manual,56.00,,TRUE,TRUE,lb,active
acid-wash-cross-tee,,,,,,,,Color,Acid Wash Black,Size,2XL,ACIDWASHCROSSTE-ACI-2XL,shopify,deny,manual,56.00,,TRUE,TRUE,lb,active
acid-wash-cross-tee,,,,,,,,Color,Acid Wash Gray,Size,S,ACIDWASHCROSSTE-ACI-S,shopify,deny,manual,56.00,,TRUE,TRUE,lb,active
acid-wash-cross-tee,,,,,,,,Color,Acid Wash Gray,Size,M,ACIDWASHCROSSTE-ACI-M,shopify,deny,manual,56.00,,TRUE,TRUE,lb,active
acid-wash-cross-tee,,,,,,,,Color,Acid Wash Gray,Size,L,ACIDWASHCROSSTE-ACI-L,shopify,deny,manual,56.00,,TRUE,TRUE,lb,active
acid-wash-cross-tee,,,,,,,,Color,Acid Wash Gray,Size,XL,ACIDWASHCROSSTE-ACI-XL,shopify,deny,manual,56.00,,TRUE,TRUE,lb,active
acid-wash-cross-tee,,,,,,,,Color,Acid Wash Gray,Size,2XL,ACIDWASHCROSSTE-ACI-2XL,shopify,deny,manual,56.00,,TRUE,TRUE,lb,active
child-of-god-tee,Child of God — Streetwear Tee,"<p>Identity, stated boldly. Lowercase streetwear type on a dropped-shoulder heavyweight fit. John 1:12.</p>",MWFaith,Apparel & Accessories > Clothing > Shirts & Tops,T-Shirt,"Streetwear Drops, Christian, faith apparel, Heavyweight Oversized, new",TRUE,Color,Black,Size,S,CHILDOFGODTEE-BLA-S,shopify,deny,manual,50.00,,TRUE,TRUE,lb,active
child-of-god-tee,,,,,,,,Color,Black,Size,M,CHILDOFGODTEE-BLA-M,shopify,deny,manual,50.00,,TRUE,TRUE,lb,active
child-of-god-tee,,,,,,,,Color,Black,Size,L,CHILDOFGODTEE-BLA-L,shopify,deny,manual,50.00,,TRUE,TRUE,lb,active
child-of-god-tee,,,,,,,,Color,Black,Size,XL,CHILDOFGODTEE-BLA-XL,shopify,deny,manual,50.00,,TRUE,TRUE,lb,active
child-of-god-tee,,,,,,,,Color,Black,Size,2XL,CHILDOFGODTEE-BLA-2XL,shopify,deny,manual,50.00,,TRUE,TRUE,lb,active
child-of-god-tee,,,,,,,,Color,White,Size,S,CHILDOFGODTEE-WHI-S,shopify,deny,manual,50.00,,TRUE,TRUE,lb,active
child-of-god-tee,,,,,,,,Color,White,Size,M,CHILDOFGODTEE-WHI-M,shopify,deny,manual,50.00,,TRUE,TRUE,lb,active
child-of-god-tee,,,,,,,,Color,White,Size,L,CHILDOFGODTEE-WHI-L,shopify,deny,manual,50.00,,TRUE,TRUE,lb,active
child-of-god-tee,,,,,,,,Color,White,Size,XL,CHILDOFGODTEE-WHI-XL,shopify,deny,manual,50.00,,TRUE,TRUE,lb,active
child-of-god-tee,,,,,,,,Color,White,Size,2XL,CHILDOFGODTEE-WHI-2XL,shopify,deny,manual,50.00,,TRUE,TRUE,lb,active
child-of-god-tee,,,,,,,,Color,Olive,Size,S,CHILDOFGODTEE-OLI-S,shopify,deny,manual,50.00,,TRUE,TRUE,lb,active
child-of-god-tee,,,,,,,,Color,Olive,Size,M,CHILDOFGODTEE-OLI-M,shopify,deny,manual,50.00,,TRUE,TRUE,lb,active
child-of-god-tee,,,,,,,,Color,Olive,Size,L,CHILDOFGODTEE-OLI-L,shopify,deny,manual,50.00,,TRUE,TRUE,lb,active
child-of-god-tee,,,,,,,,Color,Olive,Size,XL,CHILDOFGODTEE-OLI-XL,shopify,deny,manual,50.00,,TRUE,TRUE,lb,active
child-of-god-tee,,,,,,,,Color,Olive,Size,2XL,CHILDOFGODTEE-OLI-2XL,shopify,deny,manual,50.00,,TRUE,TRUE,lb,active
iron-sharpens-iron-tee,Iron Sharpens Iron — Proverbs 27:17 Tee,"<p>Crossed-irons forge motif. A men’s and discipleship-group staple. “As iron sharpens iron, so one person sharpens another.”</p>",MWFaith,Apparel & Accessories > Clothing > Shirts & Tops,T-Shirt,"Streetwear Drops, Christian, faith apparel, Bella+Canvas 3001, new",TRUE,Color,Black,Size,S,IRONSHARPENSIRON-BLA-S,shopify,deny,manual,46.00,,TRUE,TRUE,lb,active
iron-sharpens-iron-tee,,,,,,,,Color,Black,Size,M,IRONSHARPENSIRON-BLA-M,shopify,deny,manual,46.00,,TRUE,TRUE,lb,active
iron-sharpens-iron-tee,,,,,,,,Color,Black,Size,L,IRONSHARPENSIRON-BLA-L,shopify,deny,manual,46.00,,TRUE,TRUE,lb,active
iron-sharpens-iron-tee,,,,,,,,Color,Black,Size,XL,IRONSHARPENSIRON-BLA-XL,shopify,deny,manual,46.00,,TRUE,TRUE,lb,active
iron-sharpens-iron-tee,,,,,,,,Color,Black,Size,2XL,IRONSHARPENSIRON-BLA-2XL,shopify,deny,manual,46.00,,TRUE,TRUE,lb,active
iron-sharpens-iron-tee,,,,,,,,Color,Navy,Size,S,IRONSHARPENSIRON-NAV-S,shopify,deny,manual,46.00,,TRUE,TRUE,lb,active
iron-sharpens-iron-tee,,,,,,,,Color,Navy,Size,M,IRONSHARPENSIRON-NAV-M,shopify,deny,manual,46.00,,TRUE,TRUE,lb,active
iron-sharpens-iron-tee,,,,,,,,Color,Navy,Size,L,IRONSHARPENSIRON-NAV-L,shopify,deny,manual,46.00,,TRUE,TRUE,lb,active
iron-sharpens-iron-tee,,,,,,,,Color,Navy,Size,XL,IRONSHARPENSIRON-NAV-XL,shopify,deny,manual,46.00,,TRUE,TRUE,lb,active
iron-sharpens-iron-tee,,,,,,,,Color,Navy,Size,2XL,IRONSHARPENSIRON-NAV-2XL,shopify,deny,manual,46.00,,TRUE,TRUE,lb,active
iron-sharpens-iron-tee,,,,,,,,Color,Sand,Size,S,IRONSHARPENSIRON-SAN-S,shopify,deny,manual,46.00,,TRUE,TRUE,lb,active
iron-sharpens-iron-tee,,,,,,,,Color,Sand,Size,M,IRONSHARPENSIRON-SAN-M,shopify,deny,manual,46.00,,TRUE,TRUE,lb,active
iron-sharpens-iron-tee,,,,,,,,Color,Sand,Size,L,IRONSHARPENSIRON-SAN-L,shopify,deny,manual,46.00,,TRUE,TRUE,lb,active
iron-sharpens-iron-tee,,,,,,,,Color,Sand,Size,XL,IRONSHARPENSIRON-SAN-XL,shopify,deny,manual,46.00,,TRUE,TRUE,lb,active
iron-sharpens-iron-tee,,,,,,,,Color,Sand,Size,2XL,IRONSHARPENSIRON-SAN-2XL,shopify,deny,manual,46.00,,TRUE,TRUE,lb,active
wildflowers-faith-tee,Wildflowers & Faith — Matthew 6:28 Tee,<p>Delicate wildflower line-art wrapping the verse “consider the lilies.” A coquette/boho-cowgirl crossover on garment-dyed cotton.</p>,MWFaith,Apparel & Accessories > Clothing > Shirts & Tops,T-Shirt,"Women's, Christian, faith apparel, Comfort Colors, new",TRUE,Color,Bone,Size,S,WILDFLOWERSFAITH-BON-S,shopify,deny,manual,48.00,,TRUE,TRUE,lb,active
wildflowers-faith-tee,,,,,,,,Color,Bone,Size,M,WILDFLOWERSFAITH-BON-M,shopify,deny,manual,48.00,,TRUE,TRUE,lb,active
wildflowers-faith-tee,,,,,,,,Color,Bone,Size,L,WILDFLOWERSFAITH-BON-L,shopify,deny,manual,48.00,,TRUE,TRUE,lb,active
wildflowers-faith-tee,,,,,,,,Color,Bone,Size,XL,WILDFLOWERSFAITH-BON-XL,shopify,deny,manual,48.00,,TRUE,TRUE,lb,active
wildflowers-faith-tee,,,,,,,,Color,Bone,Size,2XL,WILDFLOWERSFAITH-BON-2XL,shopify,deny,manual,48.00,,TRUE,TRUE,lb,active
wildflowers-faith-tee,,,,,,,,Color,Blue Jean,Size,S,WILDFLOWERSFAITH-BLU-S,shopify,deny,manual,48.00,,TRUE,TRUE,lb,active
wildflowers-faith-tee,,,,,,,,Color,Blue Jean,Size,M,WILDFLOWERSFAITH-BLU-M,shopify,deny,manual,48.00,,TRUE,TRUE,lb,active
wildflowers-faith-tee,,,,,,,,Color,Blue Jean,Size,L,WILDFLOWERSFAITH-BLU-L,shopify,deny,manual,48.00,,TRUE,TRUE,lb,active
wildflowers-faith-tee,,,,,,,,Color,Blue Jean,Size,XL,WILDFLOWERSFAITH-BLU-XL,shopify,deny,manual,48.00,,TRUE,TRUE,lb,active
wildflowers-faith-tee,,,,,,,,Color,Blue Jean,Size,2XL,WILDFLOWERSFAITH-BLU-2XL,shopify,deny,manual,48.00,,TRUE,TRUE,lb,active
wildflowers-faith-tee,,,,,,,,Color,Clay,Size,S,WILDFLOWERSFAITH-CLA-S,shopify,deny,manual,48.00,,TRUE,TRUE,lb,active
wildflowers-faith-tee,,,,,,,,Color,Clay,Size,M,WILDFLOWERSFAITH-CLA-M,shopify,deny,manual,48.00,,TRUE,TRUE,lb,active
wildflowers-faith-tee,,,,,,,,Color,Clay,Size,L,WILDFLOWERSFAITH-CLA-L,shopify,deny,manual,48.00,,TRUE,TRUE,lb,active
wildflowers-faith-tee,,,,,,,,Color,Clay,Size,XL,WILDFLOWERSFAITH-CLA-XL,shopify,deny,manual,48.00,,TRUE,TRUE,lb,active
wildflowers-faith-tee,,,,,,,,Color,Clay,Size,2XL,WILDFLOWERSFAITH-CLA-2XL,shopify,deny,manual,48.00,,TRUE,TRUE,lb,active
blessed-mama-tee,Blessed Mama — Script Tee,<p>Soft script “blessed mama” with a tiny cross. A gifting and women’s-ministry staple on garment-dyed heavyweight cotton.</p>,MWFaith,Apparel & Accessories > Clothing > Shirts & Tops,T-Shirt,"Women's, Christian, faith apparel, Comfort Colors, new",TRUE,Color,Sand,Size,S,BLESSEDMAMATEE-SAN-S,shopify,deny,manual,46.00,,TRUE,TRUE,lb,active
blessed-mama-tee,,,,,,,,Color,Sand,Size,M,BLESSEDMAMATEE-SAN-M,shopify,deny,manual,46.00,,TRUE,TRUE,lb,active
blessed-mama-tee,,,,,,,,Color,Sand,Size,L,BLESSEDMAMATEE-SAN-L,shopify,deny,manual,46.00,,TRUE,TRUE,lb,active
blessed-mama-tee,,,,,,,,Color,Sand,Size,XL,BLESSEDMAMATEE-SAN-XL,shopify,deny,manual,46.00,,TRUE,TRUE,lb,active
blessed-mama-tee,,,,,,,,Color,Sand,Size,2XL,BLESSEDMAMATEE-SAN-2XL,shopify,deny,manual,46.00,,TRUE,TRUE,lb,active
blessed-mama-tee,,,,,,,,Color,Ivory,Size,S,BLESSEDMAMATEE-IVO-S,shopify,deny,manual,46.00,,TRUE,TRUE,lb,active
blessed-mama-tee,,,,,,,,Color,Ivory,Size,M,BLESSEDMAMATEE-IVO-M,shopify,deny,manual,46.00,,TRUE,TRUE,lb,active
blessed-mama-tee,,,,,,,,Color,Ivory,Size,L,BLESSEDMAMATEE-IVO-L,shopify,deny,manual,46.00,,TRUE,TRUE,lb,active
blessed-mama-tee,,,,,,,,Color,Ivory,Size,XL,BLESSEDMAMATEE-IVO-XL,shopify,deny,manual,46.00,,TRUE,TRUE,lb,active
blessed-mama-tee,,,,,,,,Color,Ivory,Size,2XL,BLESSEDMAMATEE-IVO-2XL,shopify,deny,manual,46.00,,TRUE,TRUE,lb,active
blessed-mama-tee,,,,,,,,Color,Moss,Size,S,BLESSEDMAMATEE-MOS-S,shopify,deny,manual,46.00,,TRUE,TRUE,lb,active
blessed-mama-tee,,,,,,,,Color,Moss,Size,M,BLESSEDMAMATEE-MOS-M,shopify,deny,manual,46.00,,TRUE,TRUE,lb,active
blessed-mama-tee,,,,,,,,Color,Moss,Size,L,BLESSEDMAMATEE-MOS-L,shopify,deny,manual,46.00,,TRUE,TRUE,lb,active
blessed-mama-tee,,,,,,,,Color,Moss,Size,XL,BLESSEDMAMATEE-MOS-XL,shopify,deny,manual,46.00,,TRUE,TRUE,lb,active
blessed-mama-tee,,,,,,,,Color,Moss,Size,2XL,BLESSEDMAMATEE-MOS-2XL,shopify,deny,manual,46.00,,TRUE,TRUE,lb,active
